ID,Title,Make,Model,Year,Price,Mileage,Description,Status,"Created At","Updated At"
1,car,car,kia,2020,22.00,1990,ssdsdsd,available,1731431844,1731433869
2,car,car,kia,2020,22.00,1990,ssdsdsd,available,1731431844,1731433869
3,car,car,kia,2020,22.00,1990,ssdsdsd,available,1731431844,1731433869
4,car,car,kia,2020,22.00,1990,ssdsdsd,available,1731431844,1731433869
5,car,car,kia,2020,22.00,1990,ssdsdsd,available,1731431844,1731433869
6,car,car,kia,2020,22.00,1990,ssdsdsd,available,1731431844,1731433869
7,car,car,kia,2020,22.00,1990,ssdsdsd,available,1731431844,1731433869
8,car,car,kia,2020,22.00,1990,ssdsdsd,available,1731431844,1731433869
9,car,car,kia,2020,22.00,1990,ssdsdsd,available,1731431844,1731433869
10,car,car,kia,2020,22.00,1990,ssdsdsd,available,1731431844,1731433869
11,car,car,kia,2020,22.00,1990,ssdsdsd,available,1731431844,1731433869
12,car,car,kia,2020,22.00,1990,ssdsdsd,available,1731431844,1731433869
13,car,car,kia,2020,22.00,1990,ssdsdsd,available,1731431844,1731433869
14,car,car,kia,2020,22.00,1990,ssdsdsd,available,1731431844,1731433869
15,car,car,kia,2020,22.00,1990,ssdsdsd,available,1731431844,1731433869
16,car,car,kia,2020,22.00,1990,ssdsdsd,available,1731431844,1731433869
